,iModulon,Gene
0,oxidative_stress_response,SGL_RS02160
1,oxidative_stress_response,SGL_RS04040
2,oxidative_stress_response,SGL_RS04110
3,oxidative_stress_response,SGL_RS04770
4,oxidative_stress_response,SGL_RS06050
5,oxidative_stress_response,SGL_RS06085
6,oxidative_stress_response,SGL_RS06165
7,oxidative_stress_response,SGL_RS06585
8,oxidative_stress_response,SGL_RS08140
9,oxidative_stress_response,SGL_RS08145
10,oxidative_stress_response,SGL_RS08225
11,oxidative_stress_response,SGL_RS08340
12,oxidative_stress_response,SGL_RS08345
13,oxidative_stress_response,SGL_RS08350
14,oxidative_stress_response,SGL_RS08355
15,oxidative_stress_response,SGL_RS09125
16,oxidative_stress_response,SGL_RS09410
17,oxidative_stress_response,SGL_RS10760
18,oxidative_stress_response,SGL_RS11010
19,oxidative_stress_response,SGL_RS11105
20,oxidative_stress_response,SGL_RS11110
21,oxidative_stress_response,SGL_RS11210
22,oxidative_stress_response,SGL_RS11460
23,oxidative_stress_response,SGL_RS11585
24,oxidative_stress_response,SGL_RS11615
25,oxidative_stress_response,SGL_RS18930
26,oxidative_stress_response,SGL_RS20150
27,oxidative_stress_response,SGL_RS11970
28,oxidative_stress_response,SGL_RS19925
29,oxidative_stress_response,SGL_RS13680
30,oxidative_stress_response,SGL_RS19475
31,oxidative_stress_response,SGL_RS19485
32,oxidative_stress_response,SGL_RS15760
33,oxidative_stress_response,SGL_RS19355
34,oxidative_stress_response,SGL_RS20190
35,oxidative_stress_response,SGL_RS16955
36,oxidative_stress_response,SGL_RS17595
37,oxidative_stress_response,SGL_RS17600
38,oxidative_stress_response,SGL_RS18085
39,oxidative_stress_response,SGL_RS01375
40,oxidative_stress_response,SGL_RS00165
41,oxidative_stress_response,SGL_RS00170
42,oxidative_stress_response,SGL_RS19680
43,oxidative_stress_response,SGL_RS00530
44,oxidative_stress_response,SGL_RS01290
45,oxidative_stress_response,SGL_RS00675
46,oxidative_stress_response,SGL_RS00680
47,oxidative_stress_response,SGL_RS00710
48,oxidative_stress_response,SGL_RS00990
49,oxidative_stress_response,SGL_RS00995
50,oxidative_stress_response,SGL_RS01000
51,oxidative_stress_response,SGL_RS01005
52,oxidative_stress_response,SGL_RS01010
53,oxidative_stress_response,SGL_RS01015
54,oxidative_stress_response,SGL_RS01020
55,oxidative_stress_response,SGL_RS01070
56,oxidative_stress_response,SGL_RS01075
57,oxidative_stress_response,SGL_RS01080
58,oxidative_stress_response,SGL_RS01085
59,oxidative_stress_response,SGL_RS01090
60,oxidative_stress_response,SGL_RS01095
61,oxidative_stress_response,SGL_RS01100
62,oxidative_stress_response,SGL_RS01105
63,oxidative_stress_response,SGL_RS01110
64,ribosome_biogenesis,SGL_RS02500
65,ribosome_biogenesis,SGL_RS02640
66,ribosome_biogenesis,SGL_RS19405
67,ribosome_biogenesis,SGL_RS19420
68,ribosome_biogenesis,SGL_RS04135
69,ribosome_biogenesis,SGL_RS05120
70,ribosome_biogenesis,SGL_RS05350
71,ribosome_biogenesis,SGL_RS05710
72,ribosome_biogenesis,SGL_RS05715
73,ribosome_biogenesis,SGL_RS05720
74,ribosome_biogenesis,SGL_RS05725
75,ribosome_biogenesis,SGL_RS05730
76,ribosome_biogenesis,SGL_RS05755
77,ribosome_biogenesis,SGL_RS05765
78,ribosome_biogenesis,SGL_RS05770
79,ribosome_biogenesis,SGL_RS05775
80,ribosome_biogenesis,SGL_RS05780
81,ribosome_biogenesis,SGL_RS05785
82,ribosome_biogenesis,SGL_RS05790
83,ribosome_biogenesis,SGL_RS05795
84,ribosome_biogenesis,SGL_RS05800
85,ribosome_biogenesis,SGL_RS05805
86,ribosome_biogenesis,SGL_RS05810
87,ribosome_biogenesis,SGL_RS05815
88,ribosome_biogenesis,SGL_RS05820
89,ribosome_biogenesis,SGL_RS05825
90,ribosome_biogenesis,SGL_RS05830
91,ribosome_biogenesis,SGL_RS05835
92,ribosome_biogenesis,SGL_RS05840
93,ribosome_biogenesis,SGL_RS05845
94,ribosome_biogenesis,SGL_RS05850
95,ribosome_biogenesis,SGL_RS06050
96,ribosome_biogenesis,SGL_RS06195
97,ribosome_biogenesis,SGL_RS06200
98,ribosome_biogenesis,SGL_RS06210
99,ribosome_biogenesis,SGL_RS06295
100,ribosome_biogenesis,SGL_RS20130
101,ribosome_biogenesis,SGL_RS07260
102,ribosome_biogenesis,SGL_RS08845
103,ribosome_biogenesis,SGL_RS09575
104,ribosome_biogenesis,SGL_RS19870
105,ribosome_biogenesis,SGL_RS10920
106,ribosome_biogenesis,SGL_RS10925
107,ribosome_biogenesis,SGL_RS12685
108,ribosome_biogenesis,SGL_RS12995
109,ribosome_biogenesis,SGL_RS20160
110,ribosome_biogenesis,SGL_RS13350
111,ribosome_biogenesis,SGL_RS13420
112,ribosome_biogenesis,SGL_RS13425
113,ribosome_biogenesis,SGL_RS14515
114,ribosome_biogenesis,SGL_RS16085
115,ribosome_biogenesis,SGL_RS16415
116,ribosome_biogenesis,SGL_RS17590
117,ribosome_biogenesis,SGL_RS17595
118,ribosome_biogenesis,SGL_RS17600
119,ribosome_biogenesis,SGL_RS17705
120,ribosome_biogenesis,SGL_RS19150
121,ribosome_biogenesis,SGL_RS19505
122,ribosome_biogenesis,SGL_RS19720
123,ribosome_biogenesis,SGL_RS01615
124,ribosome_biogenesis,SGL_RS00025
125,ribosome_biogenesis,SGL_RS00165
126,ribosome_biogenesis,SGL_RS19300
127,ribosome_biogenesis,SGL_RS00425
128,ribosome_biogenesis,SGL_RS18510
129,ribosome_biogenesis,SGL_RS00855
130,ribosome_biogenesis,SGL_RS01085
131,Unknown_1,SGL_RS02085
132,Unknown_1,SGL_RS02290
133,Unknown_1,SGL_RS02435
134,Unknown_1,SGL_RS02470
135,Unknown_1,SGL_RS20105
136,Unknown_1,SGL_RS02540
137,Unknown_1,SGL_RS18655
138,Unknown_1,SGL_RS02675
139,Unknown_1,SGL_RS02680
140,Unknown_1,SGL_RS02685
141,Unknown_1,SGL_RS03185
142,Unknown_1,SGL_RS03190
143,Unknown_1,SGL_RS03285
144,Unknown_1,SGL_RS03290
145,Unknown_1,SGL_RS03415
146,Unknown_1,SGL_RS19780
147,Unknown_1,SGL_RS03885
148,Unknown_1,SGL_RS03890
149,Unknown_1,SGL_RS04125
150,Unknown_1,SGL_RS04135
151,Unknown_1,SGL_RS04140
152,Unknown_1,SGL_RS04235
153,Unknown_1,SGL_RS04265
154,Unknown_1,SGL_RS18690
155,Unknown_1,SGL_RS04315
156,Unknown_1,SGL_RS04495
157,Unknown_1,SGL_RS04540
158,Unknown_1,SGL_RS04545
159,Unknown_1,SGL_RS19785
160,Unknown_1,SGL_RS20210
161,Unknown_1,SGL_RS04740
162,Unknown_1,SGL_RS04760
163,Unknown_1,SGL_RS04960
164,Unknown_1,SGL_RS05120
165,Unknown_1,SGL_RS05205
166,Unknown_1,SGL_RS05380
167,Unknown_1,SGL_RS18710
168,Unknown_1,SGL_RS05710
169,Unknown_1,SGL_RS05865
170,Unknown_1,SGL_RS06085
171,Unknown_1,SGL_RS06090
172,Unknown_1,SGL_RS06115
173,Unknown_1,SGL_RS06150
174,Unknown_1,SGL_RS06155
175,Unknown_1,SGL_RS06395
176,Unknown_1,SGL_RS06410
177,Unknown_1,SGL_RS06465
178,Unknown_1,SGL_RS06480
179,Unknown_1,SGL_RS06485
180,Unknown_1,SGL_RS06505
181,Unknown_1,SGL_RS06575
182,Unknown_1,SGL_RS06670
183,Unknown_1,SGL_RS06735
184,Unknown_1,SGL_RS06750
185,Unknown_1,SGL_RS20125
186,Unknown_1,SGL_RS06900
187,Unknown_1,SGL_RS06910
188,Unknown_1,SGL_RS07135
189,Unknown_1,SGL_RS07170
190,Unknown_1,SGL_RS07270
191,Unknown_1,SGL_RS07310
192,Unknown_1,SGL_RS07615
193,Unknown_1,SGL_RS07725
194,Unknown_1,SGL_RS07795
195,Unknown_1,SGL_RS07910
196,Unknown_1,SGL_RS07960
197,Unknown_1,SGL_RS07970
198,Unknown_1,SGL_RS08090
199,Unknown_1,SGL_RS08450
200,Unknown_1,SGL_RS08505
201,Unknown_1,SGL_RS08580
202,Unknown_1,SGL_RS08625
203,Unknown_1,SGL_RS08740
204,Unknown_1,SGL_RS08910
205,Unknown_1,SGL_RS08920
206,Unknown_1,SGL_RS08960
207,Unknown_1,SGL_RS09060
208,Unknown_1,SGL_RS09140
209,Unknown_1,SGL_RS09245
210,Unknown_1,SGL_RS09340
211,Unknown_1,SGL_RS09365
212,Unknown_1,SGL_RS09485
213,Unknown_1,SGL_RS19875
214,Unknown_1,SGL_RS10715
215,Unknown_1,SGL_RS10830
216,Unknown_1,SGL_RS10920
217,Unknown_1,SGL_RS10925
218,Unknown_1,SGL_RS10960
219,Unknown_1,SGL_RS19905
220,Unknown_1,SGL_RS11130
221,Unknown_1,SGL_RS11190
222,Unknown_1,SGL_RS11335
223,Unknown_1,SGL_RS11360
224,Unknown_1,SGL_RS11430
225,Unknown_1,SGL_RS11565
226,Unknown_1,SGL_RS11920
227,Unknown_1,SGL_RS11950
228,Unknown_1,SGL_RS18940
229,Unknown_1,SGL_RS12075
230,Unknown_1,SGL_RS12240
231,Unknown_1,SGL_RS18950
232,Unknown_1,SGL_RS12275
233,Unknown_1,SGL_RS12360
234,Unknown_1,SGL_RS12390
235,Unknown_1,SGL_RS20040
236,Unknown_1,SGL_RS12570
237,Unknown_1,SGL_RS12810
238,Unknown_1,SGL_RS13180
239,Unknown_1,SGL_RS13360
240,Unknown_1,SGL_RS13425
241,Unknown_1,SGL_RS13615
242,Unknown_1,SGL_RS13720
243,Unknown_1,SGL_RS13835
244,Unknown_1,SGL_RS14045
245,Unknown_1,SGL_RS14165
246,Unknown_1,SGL_RS14175
247,Unknown_1,SGL_RS14245
248,Unknown_1,SGL_RS14355
249,Unknown_1,SGL_RS14455
250,Unknown_1,SGL_RS14585
251,Unknown_1,SGL_RS14855
252,Unknown_1,SGL_RS19995
253,Unknown_1,SGL_RS15100
254,Unknown_1,SGL_RS15145
255,Unknown_1,SGL_RS15215
256,Unknown_1,SGL_RS15450
257,Unknown_1,SGL_RS15505
258,Unknown_1,SGL_RS15685
259,Unknown_1,SGL_RS15775
260,Unknown_1,SGL_RS15780
261,Unknown_1,SGL_RS20010
262,Unknown_1,SGL_RS15900
263,Unknown_1,SGL_RS15910
264,Unknown_1,SGL_RS19490
265,Unknown_1,SGL_RS16025
266,Unknown_1,SGL_RS16195
267,Unknown_1,SGL_RS16350
268,Unknown_1,SGL_RS16570
269,Unknown_1,SGL_RS17065
270,Unknown_1,SGL_RS17220
271,Unknown_1,SGL_RS19285
272,Unknown_1,SGL_RS17530
273,Unknown_1,SGL_RS17715
274,Unknown_1,SGL_RS17790
275,Unknown_1,SGL_RS17960
276,Unknown_1,SGL_RS18065
277,Unknown_1,SGL_RS19150
278,Unknown_1,SGL_RS18205
279,Unknown_1,SGL_RS18235
280,Unknown_1,SGL_RS01395
281,Unknown_1,SGL_RS20095
282,Unknown_1,SGL_RS19315
283,Unknown_1,SGL_RS01595
284,Unknown_1,SGL_RS19735
285,Unknown_1,SGL_RS01610
286,Unknown_1,SGL_RS20100
287,Unknown_1,SGL_RS01765
288,Unknown_1,SGL_RS19325
289,Unknown_1,SGL_RS01795
290,Unknown_1,SGL_RS01855
291,Unknown_1,SGL_RS00175
292,Unknown_1,SGL_RS00230
293,Unknown_1,SGL_RS00240
294,Unknown_1,SGL_RS00345
295,Unknown_1,SGL_RS00515
296,Unknown_1,SGL_RS00555
297,Unknown_1,SGL_RS01270
298,Unknown_1,SGL_RS01300
299,Unknown_1,SGL_RS00655
300,Unknown_1,SGL_RS00735
301,Unknown_1,SGL_RS19380
302,Unknown_1,SGL_RS00790
303,Unknown_1,SGL_RS00810
304,Unknown_1,SGL_RS00855
305,Phosphate_ABC_transport_system,SGL_RS03825
306,Phosphate_ABC_transport_system,SGL_RS03830
307,Phosphate_ABC_transport_system,SGL_RS04720
308,Phosphate_ABC_transport_system,SGL_RS19335
309,Phosphate_ABC_transport_system,SGL_RS08390
310,Phosphate_ABC_transport_system,SGL_RS08395
311,Phosphate_ABC_transport_system,SGL_RS08400
312,Phosphate_ABC_transport_system,SGL_RS08405
313,Phosphate_ABC_transport_system,SGL_RS14175
314,Phosphate_ABC_transport_system,SGL_RS14180
315,Phosphate_ABC_transport_system,SGL_RS14185
316,Phosphate_ABC_transport_system,SGL_RS14190
317,Phosphate_ABC_transport_system,SGL_RS14195
318,Phosphate_ABC_transport_system,SGL_RS14200
319,Phosphate_ABC_transport_system,SGL_RS15585
320,Phosphate_ABC_transport_system,SGL_RS16105
321,Phosphate_ABC_transport_system,SGL_RS16110
322,Phosphate_ABC_transport_system,SGL_RS16115
323,Phosphate_ABC_transport_system,SGL_RS17785
324,Phosphate_ABC_transport_system,SGL_RS17790
325,Phosphate_ABC_transport_system,SGL_RS19500
326,Phosphate_ABC_transport_system,SGL_RS19505
327,Phosphate_ABC_transport_system,SGL_RS18370
328,Phosphate_ABC_transport_system,SGL_RS01545
329,Phosphate_ABC_transport_system,SGL_RS01550
330,Phosphate_ABC_transport_system,SGL_RS01555
331,Phosphate_ABC_transport_system,SGL_RS01565
332,Phosphate_ABC_transport_system,SGL_RS01020
333,Metal_related_response_Manganese,SGL_RS05875
334,Metal_related_response_Manganese,SGL_RS08810
335,Metal_related_response_Manganese,SGL_RS08815
336,Metal_related_response_Manganese,SGL_RS08820
337,Metal_related_response_Manganese,SGL_RS16105
338,Metal_related_response_Manganese,SGL_RS16110
339,Metal_related_response_Manganese,SGL_RS16115
340,Metal_related_response_Manganese,SGL_RS01480
341,Metal_related_response_Manganese,SGL_RS20095
342,Metal_related_response_Manganese,SGL_RS01545
343,Metal_related_response_Manganese,SGL_RS01550
344,Metal_related_response_Manganese,SGL_RS01555
345,Metal_related_response_Manganese,SGL_RS01560
346,Metal_related_response_Manganese,SGL_RS01750
347,EPS_secretion_system,SGL_RS01880
348,EPS_secretion_system,SGL_RS19400
349,EPS_secretion_system,SGL_RS01945
350,EPS_secretion_system,SGL_RS02160
351,EPS_secretion_system,SGL_RS02185
352,EPS_secretion_system,SGL_RS02280
353,EPS_secretion_system,SGL_RS02285
354,EPS_secretion_system,SGL_RS02320
355,EPS_secretion_system,SGL_RS02375
356,EPS_secretion_system,SGL_RS02525
357,EPS_secretion_system,SGL_RS02550
358,EPS_secretion_system,SGL_RS02565
359,EPS_secretion_system,SGL_RS02570
360,EPS_secretion_system,SGL_RS02600
361,EPS_secretion_system,SGL_RS02685
362,EPS_secretion_system,SGL_RS02690
363,EPS_secretion_system,SGL_RS02720
364,EPS_secretion_system,SGL_RS19405
365,EPS_secretion_system,SGL_RS02905
366,EPS_secretion_system,SGL_RS02910
367,EPS_secretion_system,SGL_RS02955
368,EPS_secretion_system,SGL_RS03000
369,EPS_secretion_system,SGL_RS03005
370,EPS_secretion_system,SGL_RS03095
371,EPS_secretion_system,SGL_RS03100
372,EPS_secretion_system,SGL_RS19555
373,EPS_secretion_system,SGL_RS03330
374,EPS_secretion_system,SGL_RS03375
375,EPS_secretion_system,SGL_RS03390
376,EPS_secretion_system,SGL_RS03400
377,EPS_secretion_system,SGL_RS03520
378,EPS_secretion_system,SGL_RS03535
379,EPS_secretion_system,SGL_RS03545
380,EPS_secretion_system,SGL_RS03555
381,EPS_secretion_system,SGL_RS03560
382,EPS_secretion_system,SGL_RS03765
383,EPS_secretion_system,SGL_RS03770
384,EPS_secretion_system,SGL_RS20115
385,EPS_secretion_system,SGL_RS03925
386,EPS_secretion_system,SGL_RS04090
387,EPS_secretion_system,SGL_RS04095
388,EPS_secretion_system,SGL_RS04115
389,EPS_secretion_system,SGL_RS04125
390,EPS_secretion_system,SGL_RS04130
391,EPS_secretion_system,SGL_RS04135
392,EPS_secretion_system,SGL_RS04145
393,EPS_secretion_system,SGL_RS04150
394,EPS_secretion_system,SGL_RS04230
395,EPS_secretion_system,SGL_RS04430
396,EPS_secretion_system,SGL_RS04445
397,EPS_secretion_system,SGL_RS04470
398,EPS_secretion_system,SGL_RS04500
399,EPS_secretion_system,SGL_RS04605
400,EPS_secretion_system,SGL_RS04665
401,EPS_secretion_system,SGL_RS04675
402,EPS_secretion_system,SGL_RS04680
403,EPS_secretion_system,SGL_RS04720
404,EPS_secretion_system,SGL_RS04740
405,EPS_secretion_system,SGL_RS04745
406,EPS_secretion_system,SGL_RS04765
407,EPS_secretion_system,SGL_RS04770
408,EPS_secretion_system,SGL_RS04910
409,EPS_secretion_system,SGL_RS04920
410,EPS_secretion_system,SGL_RS05005
411,EPS_secretion_system,SGL_RS05015
412,EPS_secretion_system,SGL_RS05195
413,EPS_secretion_system,SGL_RS05235
414,EPS_secretion_system,SGL_RS05350
415,EPS_secretion_system,SGL_RS05400
416,EPS_secretion_system,SGL_RS05480
417,EPS_secretion_system,SGL_RS05565
418,EPS_secretion_system,SGL_RS05585
419,EPS_secretion_system,SGL_RS05635
420,EPS_secretion_system,SGL_RS05680
421,EPS_secretion_system,SGL_RS05735
422,EPS_secretion_system,SGL_RS05925
423,EPS_secretion_system,SGL_RS05930
424,EPS_secretion_system,SGL_RS05945
425,EPS_secretion_system,SGL_RS06060
426,EPS_secretion_system,SGL_RS06065
427,EPS_secretion_system,SGL_RS06170
428,EPS_secretion_system,SGL_RS19800
429,EPS_secretion_system,SGL_RS06260
430,EPS_secretion_system,SGL_RS06335
431,EPS_secretion_system,SGL_RS06450
432,EPS_secretion_system,SGL_RS06465
433,EPS_secretion_system,SGL_RS06480
434,EPS_secretion_system,SGL_RS06485
435,EPS_secretion_system,SGL_RS06490
436,EPS_secretion_system,SGL_RS06510
437,EPS_secretion_system,SGL_RS06575
438,EPS_secretion_system,SGL_RS06585
439,EPS_secretion_system,SGL_RS06590
440,EPS_secretion_system,SGL_RS06595
441,EPS_secretion_system,SGL_RS06610
442,EPS_secretion_system,SGL_RS06640
443,EPS_secretion_system,SGL_RS06645
444,EPS_secretion_system,SGL_RS06695
445,EPS_secretion_system,SGL_RS06705
446,EPS_secretion_system,SGL_RS06765
447,EPS_secretion_system,SGL_RS06825
448,EPS_secretion_system,SGL_RS06840
449,EPS_secretion_system,SGL_RS20125
450,EPS_secretion_system,SGL_RS07090
451,EPS_secretion_system,SGL_RS07125
452,EPS_secretion_system,SGL_RS07200
453,EPS_secretion_system,SGL_RS07290
454,EPS_secretion_system,SGL_RS07315
455,EPS_secretion_system,SGL_RS07340
456,EPS_secretion_system,SGL_RS07355
457,EPS_secretion_system,SGL_RS07370
458,EPS_secretion_system,SGL_RS07480
459,EPS_secretion_system,SGL_RS07490
460,EPS_secretion_system,SGL_RS07515
461,EPS_secretion_system,SGL_RS07540
462,EPS_secretion_system,SGL_RS07670
463,EPS_secretion_system,SGL_RS07770
464,EPS_secretion_system,SGL_RS19450
465,EPS_secretion_system,SGL_RS07830
466,EPS_secretion_system,SGL_RS07855
467,EPS_secretion_system,SGL_RS07925
468,EPS_secretion_system,SGL_RS07930
469,EPS_secretion_system,SGL_RS07935
470,EPS_secretion_system,SGL_RS08020
471,EPS_secretion_system,SGL_RS08040
472,EPS_secretion_system,SGL_RS08075
473,EPS_secretion_system,SGL_RS08080
474,EPS_secretion_system,SGL_RS08125
475,EPS_secretion_system,SGL_RS08265
476,EPS_secretion_system,SGL_RS08490
477,EPS_secretion_system,SGL_RS08495
478,EPS_secretion_system,SGL_RS08500
479,EPS_secretion_system,SGL_RS08650
480,EPS_secretion_system,SGL_RS08810
481,EPS_secretion_system,SGL_RS09110
482,EPS_secretion_system,SGL_RS09215
483,EPS_secretion_system,SGL_RS09380
484,EPS_secretion_system,SGL_RS09420
485,EPS_secretion_system,SGL_RS09440
486,EPS_secretion_system,SGL_RS09455
487,EPS_secretion_system,SGL_RS09560
488,EPS_secretion_system,SGL_RS09630
489,EPS_secretion_system,SGL_RS09685
490,EPS_secretion_system,SGL_RS09785
491,EPS_secretion_system,SGL_RS09980
492,EPS_secretion_system,SGL_RS10090
493,EPS_secretion_system,SGL_RS10200
494,EPS_secretion_system,SGL_RS10230
495,EPS_secretion_system,SGL_RS10245
496,EPS_secretion_system,SGL_RS10290
497,EPS_secretion_system,SGL_RS10445
498,EPS_secretion_system,SGL_RS10515
499,EPS_secretion_system,SGL_RS18905
500,EPS_secretion_system,SGL_RS10895
501,EPS_secretion_system,SGL_RS10915
502,EPS_secretion_system,SGL_RS10920
503,EPS_secretion_system,SGL_RS19905
504,EPS_secretion_system,SGL_RS11035
505,EPS_secretion_system,SGL_RS11060
506,EPS_secretion_system,SGL_RS11065
507,EPS_secretion_system,SGL_RS11085
508,EPS_secretion_system,SGL_RS11120
509,EPS_secretion_system,SGL_RS11145
510,EPS_secretion_system,SGL_RS18925
511,EPS_secretion_system,SGL_RS11240
512,EPS_secretion_system,SGL_RS11245
513,EPS_secretion_system,SGL_RS11425
514,EPS_secretion_system,SGL_RS11430
515,EPS_secretion_system,SGL_RS11440
516,EPS_secretion_system,SGL_RS11680
517,EPS_secretion_system,SGL_RS11810
518,EPS_secretion_system,SGL_RS11830
519,EPS_secretion_system,SGL_RS20150
520,EPS_secretion_system,SGL_RS11905
521,EPS_secretion_system,SGL_RS12010
522,EPS_secretion_system,SGL_RS12045
523,EPS_secretion_system,SGL_RS19920
524,EPS_secretion_system,SGL_RS12200
525,EPS_secretion_system,SGL_RS20075
526,EPS_secretion_system,SGL_RS12230
527,EPS_secretion_system,SGL_RS12265
528,EPS_secretion_system,SGL_RS12295
529,EPS_secretion_system,SGL_RS12415
530,EPS_secretion_system,SGL_RS12420
531,EPS_secretion_system,SGL_RS12475
532,EPS_secretion_system,SGL_RS20035
533,EPS_secretion_system,SGL_RS20040
534,EPS_secretion_system,SGL_RS12555
535,EPS_secretion_system,SGL_RS19945
536,EPS_secretion_system,SGL_RS12920
537,EPS_secretion_system,SGL_RS12925
538,EPS_secretion_system,SGL_RS12930
539,EPS_secretion_system,SGL_RS12965
540,EPS_secretion_system,SGL_RS12970
541,EPS_secretion_system,SGL_RS19965
542,EPS_secretion_system,SGL_RS13185
543,EPS_secretion_system,SGL_RS18990
544,EPS_secretion_system,SGL_RS13335
545,EPS_secretion_system,SGL_RS20160
546,EPS_secretion_system,SGL_RS13460
547,EPS_secretion_system,SGL_RS13495
548,EPS_secretion_system,SGL_RS13760
549,EPS_secretion_system,SGL_RS13820
550,EPS_secretion_system,SGL_RS13925
551,EPS_secretion_system,SGL_RS13930
552,EPS_secretion_system,SGL_RS14035
553,EPS_secretion_system,SGL_RS14070
554,EPS_secretion_system,SGL_RS14075
555,EPS_secretion_system,SGL_RS14090
556,EPS_secretion_system,SGL_RS14170
557,EPS_secretion_system,SGL_RS14355
558,EPS_secretion_system,SGL_RS14425
559,EPS_secretion_system,SGL_RS14430
560,EPS_secretion_system,SGL_RS14435
561,EPS_secretion_system,SGL_RS14440
562,EPS_secretion_system,SGL_RS20165
563,EPS_secretion_system,SGL_RS14580
564,EPS_secretion_system,SGL_RS14720
565,EPS_secretion_system,SGL_RS14730
566,EPS_secretion_system,SGL_RS14735
567,EPS_secretion_system,SGL_RS14790
568,EPS_secretion_system,SGL_RS14795
569,EPS_secretion_system,SGL_RS14800
570,EPS_secretion_system,SGL_RS14805
571,EPS_secretion_system,SGL_RS14980
572,EPS_secretion_system,SGL_RS15000
573,EPS_secretion_system,SGL_RS15005
574,EPS_secretion_system,SGL_RS15255
575,EPS_secretion_system,SGL_RS15260
576,EPS_secretion_system,SGL_RS15265
577,EPS_secretion_system,SGL_RS15320
578,EPS_secretion_system,SGL_RS15325
579,EPS_secretion_system,SGL_RS20170
580,EPS_secretion_system,SGL_RS15510
581,EPS_secretion_system,SGL_RS15530
582,EPS_secretion_system,SGL_RS15545
583,EPS_secretion_system,SGL_RS15765
584,EPS_secretion_system,SGL_RS15840
585,EPS_secretion_system,SGL_RS16045
586,EPS_secretion_system,SGL_RS16060
587,EPS_secretion_system,SGL_RS16085
588,EPS_secretion_system,SGL_RS16105
589,EPS_secretion_system,SGL_RS16170
590,EPS_secretion_system,SGL_RS16220
591,EPS_secretion_system,SGL_RS16230
592,EPS_secretion_system,SGL_RS16375
593,EPS_secretion_system,SGL_RS16470
594,EPS_secretion_system,SGL_RS16475
595,EPS_secretion_system,SGL_RS16480
596,EPS_secretion_system,SGL_RS16545
597,EPS_secretion_system,SGL_RS16585
598,EPS_secretion_system,SGL_RS16650
599,EPS_secretion_system,SGL_RS16655
600,EPS_secretion_system,SGL_RS16820
601,EPS_secretion_system,SGL_RS16860
602,EPS_secretion_system,SGL_RS16865
603,EPS_secretion_system,SGL_RS20195
604,EPS_secretion_system,SGL_RS16925
605,EPS_secretion_system,SGL_RS16930
606,EPS_secretion_system,SGL_RS16935
607,EPS_secretion_system,SGL_RS16940
608,EPS_secretion_system,SGL_RS16945
609,EPS_secretion_system,SGL_RS16985
610,EPS_secretion_system,SGL_RS17050
611,EPS_secretion_system,SGL_RS17110
612,EPS_secretion_system,SGL_RS17140
613,EPS_secretion_system,SGL_RS17155
614,EPS_secretion_system,SGL_RS17170
615,EPS_secretion_system,SGL_RS17235
616,EPS_secretion_system,SGL_RS17240
617,EPS_secretion_system,SGL_RS17475
618,EPS_secretion_system,SGL_RS17510
619,EPS_secretion_system,SGL_RS17550
620,EPS_secretion_system,SGL_RS17580
621,EPS_secretion_system,SGL_RS17685
622,EPS_secretion_system,SGL_RS17695
623,EPS_secretion_system,SGL_RS17730
624,EPS_secretion_system,SGL_RS17810
625,EPS_secretion_system,SGL_RS17825
626,EPS_secretion_system,SGL_RS17845
627,EPS_secretion_system,SGL_RS20200
628,EPS_secretion_system,SGL_RS17900
629,EPS_secretion_system,SGL_RS17925
630,EPS_secretion_system,SGL_RS17930
631,EPS_secretion_system,SGL_RS17950
632,EPS_secretion_system,SGL_RS18100
633,EPS_secretion_system,SGL_RS18385
634,EPS_secretion_system,SGL_RS01375
635,EPS_secretion_system,SGL_RS01530
636,EPS_secretion_system,SGL_RS01550
637,EPS_secretion_system,SGL_RS01555
638,EPS_secretion_system,SGL_RS01565
639,EPS_secretion_system,SGL_RS01570
640,EPS_secretion_system,SGL_RS01575
641,EPS_secretion_system,SGL_RS01695
642,EPS_secretion_system,SGL_RS01765
643,EPS_secretion_system,SGL_RS01795
644,EPS_secretion_system,SGL_RS01800
645,EPS_secretion_system,SGL_RS00115
646,EPS_secretion_system,SGL_RS19675
647,EPS_secretion_system,SGL_RS00240
648,EPS_secretion_system,SGL_RS00245
649,EPS_secretion_system,SGL_RS00250
650,EPS_secretion_system,SGL_RS00295
651,EPS_secretion_system,SGL_RS00300
652,EPS_secretion_system,SGL_RS19365
653,EPS_secretion_system,SGL_RS18510
654,EPS_secretion_system,SGL_RS00510
655,EPS_secretion_system,SGL_RS00605
656,EPS_secretion_system,SGL_RS01145
657,EPS_secretion_system,SGL_RS01280
658,EPS_secretion_system,SGL_RS00725
659,EPS_secretion_system,SGL_RS00730
660,EPS_secretion_system,SGL_RS01020
661,EPS_secretion_system,SGL_RS01025
662,EPS_secretion_system,SGL_RS01055
663,EPS_secretion_system,SGL_RS01060
664,IsiA_related,SGL_RS08955
665,IsiA_related,SGL_RS08960
666,IsiA_related,SGL_RS19340
667,IsiA_related,SGL_RS08965
668,Transposase_related,SGL_RS18635
669,Transposase_related,SGL_RS18640
670,Transposase_related,SGL_RS18645
671,Transposase_related,SGL_RS19745
672,Transposase_related,SGL_RS02500
673,Transposase_related,SGL_RS02715
674,Transposase_related,SGL_RS03270
675,Transposase_related,SGL_RS18680
676,Transposase_related,SGL_RS19780
677,Transposase_related,SGL_RS20210
678,Transposase_related,SGL_RS20215
679,Transposase_related,SGL_RS06465
680,Transposase_related,SGL_RS06960
681,Transposase_related,SGL_RS07025
682,Transposase_related,SGL_RS19815
683,Transposase_related,SGL_RS08075
684,Transposase_related,SGL_RS18780
685,Transposase_related,SGL_RS18830
686,Transposase_related,SGL_RS19860
687,Transposase_related,SGL_RS09140
688,Transposase_related,SGL_RS09240
689,Transposase_related,SGL_RS09245
690,Transposase_related,SGL_RS18850
691,Transposase_related,SGL_RS18855
692,Transposase_related,SGL_RS18875
693,Transposase_related,SGL_RS19880
694,Transposase_related,SGL_RS18885
695,Transposase_related,SGL_RS18905
696,Transposase_related,SGL_RS19895
697,Transposase_related,SGL_RS19905
698,Transposase_related,SGL_RS11180
699,Transposase_related,SGL_RS11455
700,Transposase_related,SGL_RS11640
701,Transposase_related,SGL_RS20150
702,Transposase_related,SGL_RS11935
703,Transposase_related,SGL_RS12685
704,Transposase_related,SGL_RS13225
705,Transposase_related,SGL_RS13405
706,Transposase_related,SGL_RS19015
707,Transposase_related,SGL_RS19975
708,Transposase_related,SGL_RS19255
709,Transposase_related,SGL_RS13845
710,Transposase_related,SGL_RS14205
711,Transposase_related,SGL_RS19475
712,Transposase_related,SGL_RS14345
713,Transposase_related,SGL_RS15715
714,Transposase_related,SGL_RS20015
715,Transposase_related,SGL_RS16080
716,Transposase_related,SGL_RS19355
717,Transposase_related,SGL_RS17175
718,Transposase_related,SGL_RS17375
719,Transposase_related,SGL_RS19130
720,Transposase_related,SGL_RS19500
721,Transposase_related,SGL_RS19145
722,Transposase_related,SGL_RS19505
723,Transposase_related,SGL_RS01470
724,Transposase_related,SGL_RS01725
725,Transposase_related,SGL_RS01740
726,Transposase_related,SGL_RS00090
727,Transposase_related,SGL_RS00100
728,Transposase_related,SGL_RS00105
729,Transposase_related,SGL_RS00135
730,Transposase_related,SGL_RS18490
731,Transposase_related,SGL_RS19685
732,Transposase_related,SGL_RS00520
733,Transposase_related,SGL_RS18570
734,Transposase_related,SGL_RS00730
735,Transposase_related,SGL_RS00855
736,Transposase_related,SGL_RS00880
737,Transposase_related,SGL_RS00955
738,Transposase_related,SGL_RS00960
739,Transposase_related,SGL_RS01115
740,High_affinity_CO2_uptake,SGL_RS02635
741,High_affinity_CO2_uptake,SGL_RS02640
742,High_affinity_CO2_uptake,SGL_RS02645
743,High_affinity_CO2_uptake,SGL_RS19555
744,High_affinity_CO2_uptake,SGL_RS04000
745,High_affinity_CO2_uptake,SGL_RS05350
746,High_affinity_CO2_uptake,SGL_RS05355
747,High_affinity_CO2_uptake,SGL_RS05360
748,High_affinity_CO2_uptake,SGL_RS05370
749,High_affinity_CO2_uptake,SGL_RS06280
750,High_affinity_CO2_uptake,SGL_RS06285
751,High_affinity_CO2_uptake,SGL_RS06290
752,High_affinity_CO2_uptake,SGL_RS06295
753,High_affinity_CO2_uptake,SGL_RS08845
754,High_affinity_CO2_uptake,SGL_RS18840
755,High_affinity_CO2_uptake,SGL_RS09335
756,High_affinity_CO2_uptake,SGL_RS09340
757,High_affinity_CO2_uptake,SGL_RS16565
758,Iron_uptake,SGL_RS01930
759,Iron_uptake,SGL_RS01935
760,Iron_uptake,SGL_RS01940
761,Iron_uptake,SGL_RS01945
762,Iron_uptake,SGL_RS01955
763,Iron_uptake,SGL_RS01975
764,Iron_uptake,SGL_RS01980
765,Iron_uptake,SGL_RS01985
766,Iron_uptake,SGL_RS01990
767,Iron_uptake,SGL_RS01995
768,Iron_uptake,SGL_RS02000
769,Iron_uptake,SGL_RS02005
770,Iron_uptake,SGL_RS02010
771,Iron_uptake,SGL_RS02015
772,Iron_uptake,SGL_RS02020
773,Iron_uptake,SGL_RS03245
774,Iron_uptake,SGL_RS05120
775,Iron_uptake,SGL_RS05125
776,Iron_uptake,SGL_RS05875
777,Iron_uptake,SGL_RS06085
778,Iron_uptake,SGL_RS06090
779,Iron_uptake,SGL_RS06755
780,Iron_uptake,SGL_RS08075
781,Iron_uptake,SGL_RS19340
782,Iron_uptake,SGL_RS08965
783,Iron_uptake,SGL_RS19200
784,Iron_uptake,SGL_RS10355
785,Iron_uptake,SGL_RS12315
786,Iron_uptake,SGL_RS12320
787,Iron_uptake,SGL_RS13450
788,Iron_uptake,SGL_RS15495
789,Iron_uptake,SGL_RS17810
790,Iron_uptake,SGL_RS17815
791,Unknown_2,SGL_RS00920
792,Unknown_2,SGL_RS00925
793,Unknown_2,SGL_RS00930
794,Unknown_2,SGL_RS00935
795,Unknown_2,SGL_RS00940
796,Unknown_2,SGL_RS00945
797,Unknown_2,SGL_RS00955
798,Unknown_2,SGL_RS00960
799,Unknown_2,SGL_RS01025
800,Unknown_2,SGL_RS01030
801,Unknown_2,SGL_RS01035
802,Unknown_2,SGL_RS01045
803,Unknown_2,SGL_RS01050
804,Unknown_2,SGL_RS01055
805,Unknown_2,SGL_RS01060
806,Stringent_response,SGL_RS01880
807,Stringent_response,SGL_RS01995
808,Stringent_response,SGL_RS02110
809,Stringent_response,SGL_RS02115
810,Stringent_response,SGL_RS20105
811,Stringent_response,SGL_RS02825
812,Stringent_response,SGL_RS19410
813,Stringent_response,SGL_RS03225
814,Stringent_response,SGL_RS03235
815,Stringent_response,SGL_RS03250
816,Stringent_response,SGL_RS19555
817,Stringent_response,SGL_RS03280
818,Stringent_response,SGL_RS03345
819,Stringent_response,SGL_RS03415
820,Stringent_response,SGL_RS04115
821,Stringent_response,SGL_RS04380
822,Stringent_response,SGL_RS04810
823,Stringent_response,SGL_RS04935
824,Stringent_response,SGL_RS05130
825,Stringent_response,SGL_RS05195
826,Stringent_response,SGL_RS05200
827,Stringent_response,SGL_RS05265
828,Stringent_response,SGL_RS05495
829,Stringent_response,SGL_RS05655
830,Stringent_response,SGL_RS05705
831,Stringent_response,SGL_RS05860
832,Stringent_response,SGL_RS06050
833,Stringent_response,SGL_RS06165
834,Stringent_response,SGL_RS06170
835,Stringent_response,SGL_RS06470
836,Stringent_response,SGL_RS06475
837,Stringent_response,SGL_RS06745
838,Stringent_response,SGL_RS06830
839,Stringent_response,SGL_RS18765
840,Stringent_response,SGL_RS19440
841,Stringent_response,SGL_RS07260
842,Stringent_response,SGL_RS07270
843,Stringent_response,SGL_RS07350
844,Stringent_response,SGL_RS07550
845,Stringent_response,SGL_RS07555
846,Stringent_response,SGL_RS07560
847,Stringent_response,SGL_RS07660
848,Stringent_response,SGL_RS07665
849,Stringent_response,SGL_RS07740
850,Stringent_response,SGL_RS07880
851,Stringent_response,SGL_RS07900
852,Stringent_response,SGL_RS07980
853,Stringent_response,SGL_RS08075
854,Stringent_response,SGL_RS08080
855,Stringent_response,SGL_RS08115
856,Stringent_response,SGL_RS08130
857,Stringent_response,SGL_RS08355
858,Stringent_response,SGL_RS08385
859,Stringent_response,SGL_RS08440
860,Stringent_response,SGL_RS08605
861,Stringent_response,SGL_RS08955
862,Stringent_response,SGL_RS08990
863,Stringent_response,SGL_RS09000
864,Stringent_response,SGL_RS09155
865,Stringent_response,SGL_RS09245
866,Stringent_response,SGL_RS09605
867,Stringent_response,SGL_RS09635
868,Stringent_response,SGL_RS09790
869,Stringent_response,SGL_RS19875
870,Stringent_response,SGL_RS09935
871,Stringent_response,SGL_RS10175
872,Stringent_response,SGL_RS10895
873,Stringent_response,SGL_RS10900
874,Stringent_response,SGL_RS19905
875,Stringent_response,SGL_RS10995
876,Stringent_response,SGL_RS11010
877,Stringent_response,SGL_RS19230
878,Stringent_response,SGL_RS11210
879,Stringent_response,SGL_RS11215
880,Stringent_response,SGL_RS11330
881,Stringent_response,SGL_RS11370
882,Stringent_response,SGL_RS11460
883,Stringent_response,SGL_RS11470
884,Stringent_response,SGL_RS11945
885,Stringent_response,SGL_RS11955
886,Stringent_response,SGL_RS12020
887,Stringent_response,SGL_RS12060
888,Stringent_response,SGL_RS12065
889,Stringent_response,SGL_RS12200
890,Stringent_response,SGL_RS12205
891,Stringent_response,SGL_RS12360
892,Stringent_response,SGL_RS12365
893,Stringent_response,SGL_RS12505
894,Stringent_response,SGL_RS12535
895,Stringent_response,SGL_RS12825
896,Stringent_response,SGL_RS12920
897,Stringent_response,SGL_RS12925
898,Stringent_response,SGL_RS13030
899,Stringent_response,SGL_RS13045
900,Stringent_response,SGL_RS13110
901,Stringent_response,SGL_RS19000
902,Stringent_response,SGL_RS13360
903,Stringent_response,SGL_RS19630
904,Stringent_response,SGL_RS13545
905,Stringent_response,SGL_RS13625
906,Stringent_response,SGL_RS13630
907,Stringent_response,SGL_RS13665
908,Stringent_response,SGL_RS14315
909,Stringent_response,SGL_RS14455
910,Stringent_response,SGL_RS14600
911,Stringent_response,SGL_RS19990
912,Stringent_response,SGL_RS14960
913,Stringent_response,SGL_RS15030
914,Stringent_response,SGL_RS15140
915,Stringent_response,SGL_RS15155
916,Stringent_response,SGL_RS15270
917,Stringent_response,SGL_RS15315
918,Stringent_response,SGL_RS15320
919,Stringent_response,SGL_RS19275
920,Stringent_response,SGL_RS15650
921,Stringent_response,SGL_RS15930
922,Stringent_response,SGL_RS16265
923,Stringent_response,SGL_RS16955
924,Stringent_response,SGL_RS17545
925,Stringent_response,SGL_RS17580
926,Stringent_response,SGL_RS17600
927,Stringent_response,SGL_RS19135
928,Stringent_response,SGL_RS17920
929,Stringent_response,SGL_RS17960
930,Stringent_response,SGL_RS18005
931,Stringent_response,SGL_RS18010
932,Stringent_response,SGL_RS18150
933,Stringent_response,SGL_RS18155
934,Stringent_response,SGL_RS01875
935,Stringent_response,SGL_RS19730
936,Stringent_response,SGL_RS01580
937,Stringent_response,SGL_RS01765
938,Stringent_response,SGL_RS18485
939,Stringent_response,SGL_RS01270
940,Stringent_response,SGL_RS00650
941,Stringent_response,SGL_RS00670
942,Ethylene_response,SGL_RS19400
943,Ethylene_response,SGL_RS04035
944,Ethylene_response,SGL_RS05255
945,Ethylene_response,SGL_RS05260
946,Ethylene_response,SGL_RS05265
947,Ethylene_response,SGL_RS05370
948,Ethylene_response,SGL_RS18725
949,Ethylene_response,SGL_RS06315
950,Ethylene_response,SGL_RS07540
951,Ethylene_response,SGL_RS07545
952,Ethylene_response,SGL_RS07935
953,Ethylene_response,SGL_RS07940
954,Ethylene_response,SGL_RS07945
955,Ethylene_response,SGL_RS07950
956,Ethylene_response,SGL_RS08110
957,Ethylene_response,SGL_RS08995
958,Ethylene_response,SGL_RS09000
959,Ethylene_response,SGL_RS09015
960,Ethylene_response,SGL_RS09455
961,Ethylene_response,SGL_RS09460
962,Ethylene_response,SGL_RS09565
963,Ethylene_response,SGL_RS09570
964,Ethylene_response,SGL_RS19200
965,Ethylene_response,SGL_RS09935
966,Ethylene_response,SGL_RS11205
967,Ethylene_response,SGL_RS11355
968,Ethylene_response,SGL_RS11695
969,Ethylene_response,SGL_RS12315
970,Ethylene_response,SGL_RS12320
971,Ethylene_response,SGL_RS12540
972,Ethylene_response,SGL_RS12565
973,Ethylene_response,SGL_RS12865
974,Ethylene_response,SGL_RS12870
975,Ethylene_response,SGL_RS13645
976,Ethylene_response,SGL_RS13985
977,Ethylene_response,SGL_RS19475
978,Ethylene_response,SGL_RS14760
979,Ethylene_response,SGL_RS15295
980,Ethylene_response,SGL_RS15980
981,Ethylene_response,SGL_RS16100
982,Ethylene_response,SGL_RS19085
983,Ethylene_response,SGL_RS16190
984,Ethylene_response,SGL_RS19495
985,Ethylene_response,SGL_RS17140
986,Ethylene_response,SGL_RS17145
987,Ethylene_response,SGL_RS17165
988,Ethylene_response,SGL_RS17170
989,Ethylene_response,SGL_RS17190
990,Ethylene_response,SGL_RS17830
991,Ethylene_response,SGL_RS20200
992,Ethylene_response,SGL_RS17865
993,Ethylene_response,SGL_RS17935
994,Ethylene_response,SGL_RS20095
995,Ethylene_response,SGL_RS01610
996,Ethylene_response,SGL_RS01615
997,Ethylene_response,SGL_RS01725
998,Ethylene_response,SGL_RS20100
999,Ethylene_response,SGL_RS00165
1000,Ethylene_response,SGL_RS00170
1001,Ethylene_response,SGL_RS00195
1002,Ethylene_response,SGL_RS00200
1003,Ethylene_response,SGL_RS00245
1004,Ethylene_response,SGL_RS00415
1005,Ethylene_response,SGL_RS01250
1006,Ethylene_response,SGL_RS00810
1007,Ethylene_response,SGL_RS00815
1008,Ethylene_response,SGL_RS00865
1009,Ethylene_response,SGL_RS19385
1010,Photosinthesis_via_phycocyanin,SGL_RS03080
1011,Photosinthesis_via_phycocyanin,SGL_RS19410
1012,Photosinthesis_via_phycocyanin,SGL_RS04005
1013,Photosinthesis_via_phycocyanin,SGL_RS04010
1014,Photosinthesis_via_phycocyanin,SGL_RS04045
1015,Photosinthesis_via_phycocyanin,SGL_RS04340
1016,Photosinthesis_via_phycocyanin,SGL_RS04385
1017,Photosinthesis_via_phycocyanin,SGL_RS04560
1018,Photosinthesis_via_phycocyanin,SGL_RS19335
1019,Photosinthesis_via_phycocyanin,SGL_RS05130
1020,Photosinthesis_via_phycocyanin,SGL_RS05150
1021,Photosinthesis_via_phycocyanin,SGL_RS05230
1022,Photosinthesis_via_phycocyanin,SGL_RS05235
1023,Photosinthesis_via_phycocyanin,SGL_RS05240
1024,Photosinthesis_via_phycocyanin,SGL_RS05245
1025,Photosinthesis_via_phycocyanin,SGL_RS05250
1026,Photosinthesis_via_phycocyanin,SGL_RS05350
1027,Photosinthesis_via_phycocyanin,SGL_RS05540
1028,Photosinthesis_via_phycocyanin,SGL_RS05545
1029,Photosinthesis_via_phycocyanin,SGL_RS05550
1030,Photosinthesis_via_phycocyanin,SGL_RS05705
1031,Photosinthesis_via_phycocyanin,SGL_RS06165
1032,Photosinthesis_via_phycocyanin,SGL_RS06170
1033,Photosinthesis_via_phycocyanin,SGL_RS06805
1034,Photosinthesis_via_phycocyanin,SGL_RS06985
1035,Photosinthesis_via_phycocyanin,SGL_RS19820
1036,Photosinthesis_via_phycocyanin,SGL_RS07210
1037,Photosinthesis_via_phycocyanin,SGL_RS07215
1038,Photosinthesis_via_phycocyanin,SGL_RS19445
1039,Photosinthesis_via_phycocyanin,SGL_RS07765
1040,Photosinthesis_via_phycocyanin,SGL_RS19450
1041,Photosinthesis_via_phycocyanin,SGL_RS07975
1042,Photosinthesis_via_phycocyanin,SGL_RS08285
1043,Photosinthesis_via_phycocyanin,SGL_RS08330
1044,Photosinthesis_via_phycocyanin,SGL_RS08335
1045,Photosinthesis_via_phycocyanin,SGL_RS08900
1046,Photosinthesis_via_phycocyanin,SGL_RS09030
1047,Photosinthesis_via_phycocyanin,SGL_RS19200
1048,Photosinthesis_via_phycocyanin,SGL_RS09835
1049,Photosinthesis_via_phycocyanin,SGL_RS09840
1050,Photosinthesis_via_phycocyanin,SGL_RS19875
1051,Photosinthesis_via_phycocyanin,SGL_RS09980
1052,Photosinthesis_via_phycocyanin,SGL_RS10185
1053,Photosinthesis_via_phycocyanin,SGL_RS10190
1054,Photosinthesis_via_phycocyanin,SGL_RS10195
1055,Photosinthesis_via_phycocyanin,SGL_RS10200
1056,Photosinthesis_via_phycocyanin,SGL_RS10275
1057,Photosinthesis_via_phycocyanin,SGL_RS10895
1058,Photosinthesis_via_phycocyanin,SGL_RS11180
1059,Photosinthesis_via_phycocyanin,SGL_RS11565
1060,Photosinthesis_via_phycocyanin,SGL_RS19235
1061,Photosinthesis_via_phycocyanin,SGL_RS12630
1062,Photosinthesis_via_phycocyanin,SGL_RS12635
1063,Photosinthesis_via_phycocyanin,SGL_RS12790
1064,Photosinthesis_via_phycocyanin,SGL_RS12985
1065,Photosinthesis_via_phycocyanin,SGL_RS13540
1066,Photosinthesis_via_phycocyanin,SGL_RS14355
1067,Photosinthesis_via_phycocyanin,SGL_RS14520
1068,Photosinthesis_via_phycocyanin,SGL_RS14600
1069,Photosinthesis_via_phycocyanin,SGL_RS15010
1070,Photosinthesis_via_phycocyanin,SGL_RS15380
1071,Photosinthesis_via_phycocyanin,SGL_RS15440
1072,Photosinthesis_via_phycocyanin,SGL_RS15890
1073,Photosinthesis_via_phycocyanin,SGL_RS16195
1074,Photosinthesis_via_phycocyanin,SGL_RS16250
1075,Photosinthesis_via_phycocyanin,SGL_RS19495
1076,Photosinthesis_via_phycocyanin,SGL_RS17120
1077,Photosinthesis_via_phycocyanin,SGL_RS19285
1078,Photosinthesis_via_phycocyanin,SGL_RS17560
1079,Photosinthesis_via_phycocyanin,SGL_RS17750
1080,Photosinthesis_via_phycocyanin,SGL_RS17765
1081,Photosinthesis_via_phycocyanin,SGL_RS17955
1082,Photosinthesis_via_phycocyanin,SGL_RS17975
1083,Photosinthesis_via_phycocyanin,SGL_RS18025
1084,Photosinthesis_via_phycocyanin,SGL_RS19505
1085,Photosinthesis_via_phycocyanin,SGL_RS20095
1086,Photosinthesis_via_phycocyanin,SGL_RS01500
1087,Photosinthesis_via_phycocyanin,SGL_RS01580
1088,Photosinthesis_via_phycocyanin,SGL_RS01655
1089,Photosinthesis_via_phycocyanin,SGL_RS01735
1090,Photosinthesis_via_phycocyanin,SGL_RS01770
1091,Photosinthesis_via_phycocyanin,SGL_RS19740
1092,Photosinthesis_via_phycocyanin,SGL_RS00090
1093,Photosinthesis_via_phycocyanin,SGL_RS18485
1094,Photosinthesis_via_phycocyanin,SGL_RS19370
1095,Photosinthesis_via_phycocyanin,SGL_RS00420
1096,Photosinthesis_via_phycocyanin,SGL_RS00450
1097,Photosinthesis_via_phycocyanin,SGL_RS00530
1098,Photosinthesis_via_phycocyanin,SGL_RS01285
1099,Photosinthesis_via_phycocyanin,SGL_RS00640
1100,Photosinthesis_via_phycocyanin,SGL_RS00645
1101,Photosinthesis_via_phycocyanin,SGL_RS00790
1102,Photosinthesis_via_phycocyanin,SGL_RS00945
1103,Photosinthesis_via_phycocyanin,SGL_RS01050
1104,Photosinthesis_via_phycocyanin,SGL_RS01080
1105,Photosinthesis_via_phycocyanin,SGL_RS01095
1106,Nitrogen_uptake,SGL_RS03810
1107,Nitrogen_uptake,SGL_RS20115
1108,Nitrogen_uptake,SGL_RS04340
1109,Nitrogen_uptake,SGL_RS04830
1110,Nitrogen_uptake,SGL_RS05965
1111,Nitrogen_uptake,SGL_RS06010
1112,Nitrogen_uptake,SGL_RS06015
1113,Nitrogen_uptake,SGL_RS06590
1114,Nitrogen_uptake,SGL_RS06595
1115,Nitrogen_uptake,SGL_RS06600
1116,Nitrogen_uptake,SGL_RS08660
1117,Nitrogen_uptake,SGL_RS11175
1118,Nitrogen_uptake,SGL_RS11925
1119,Nitrogen_uptake,SGL_RS12530
1120,Nitrogen_uptake,SGL_RS12915
1121,Nitrogen_uptake,SGL_RS12990
1122,Nitrogen_uptake,SGL_RS12995
1123,Nitrogen_uptake,SGL_RS13090
1124,Nitrogen_uptake,SGL_RS14520
1125,Nitrogen_uptake,SGL_RS14775
1126,Nitrogen_uptake,SGL_RS14780
1127,Nitrogen_uptake,SGL_RS16155
1128,Nitrogen_uptake,SGL_RS16165
1129,Nitrogen_uptake,SGL_RS16900
1130,Nitrogen_uptake,SGL_RS17120
1131,Nitrogen_uptake,SGL_RS17665
1132,Electron_transfer_via_Photosystem_II,SGL_RS01985
1133,Electron_transfer_via_Photosystem_II,SGL_RS02165
1134,Electron_transfer_via_Photosystem_II,SGL_RS02180
1135,Electron_transfer_via_Photosystem_II,SGL_RS02215
1136,Electron_transfer_via_Photosystem_II,SGL_RS02365
1137,Electron_transfer_via_Photosystem_II,SGL_RS02465
1138,Electron_transfer_via_Photosystem_II,SGL_RS02700
1139,Electron_transfer_via_Photosystem_II,SGL_RS02705
1140,Electron_transfer_via_Photosystem_II,SGL_RS02735
1141,Electron_transfer_via_Photosystem_II,SGL_RS02790
1142,Electron_transfer_via_Photosystem_II,SGL_RS02805
1143,Electron_transfer_via_Photosystem_II,SGL_RS02850
1144,Electron_transfer_via_Photosystem_II,SGL_RS02890
1145,Electron_transfer_via_Photosystem_II,SGL_RS19550
1146,Electron_transfer_via_Photosystem_II,SGL_RS02935
1147,Electron_transfer_via_Photosystem_II,SGL_RS03295
1148,Electron_transfer_via_Photosystem_II,SGL_RS03415
1149,Electron_transfer_via_Photosystem_II,SGL_RS04005
1150,Electron_transfer_via_Photosystem_II,SGL_RS04010
1151,Electron_transfer_via_Photosystem_II,SGL_RS04030
1152,Electron_transfer_via_Photosystem_II,SGL_RS04090
1153,Electron_transfer_via_Photosystem_II,SGL_RS04120
1154,Electron_transfer_via_Photosystem_II,SGL_RS04140
1155,Electron_transfer_via_Photosystem_II,SGL_RS04180
1156,Electron_transfer_via_Photosystem_II,SGL_RS04200
1157,Electron_transfer_via_Photosystem_II,SGL_RS18690
1158,Electron_transfer_via_Photosystem_II,SGL_RS18695
1159,Electron_transfer_via_Photosystem_II,SGL_RS04320
1160,Electron_transfer_via_Photosystem_II,SGL_RS04350
1161,Electron_transfer_via_Photosystem_II,SGL_RS04355
1162,Electron_transfer_via_Photosystem_II,SGL_RS04405
1163,Electron_transfer_via_Photosystem_II,SGL_RS04450
1164,Electron_transfer_via_Photosystem_II,SGL_RS04465
1165,Electron_transfer_via_Photosystem_II,SGL_RS04530
1166,Electron_transfer_via_Photosystem_II,SGL_RS04535
1167,Electron_transfer_via_Photosystem_II,SGL_RS19785
1168,Electron_transfer_via_Photosystem_II,SGL_RS04695
1169,Electron_transfer_via_Photosystem_II,SGL_RS20215
1170,Electron_transfer_via_Photosystem_II,SGL_RS04880
1171,Electron_transfer_via_Photosystem_II,SGL_RS04950
1172,Electron_transfer_via_Photosystem_II,SGL_RS04960
1173,Electron_transfer_via_Photosystem_II,SGL_RS05185
1174,Electron_transfer_via_Photosystem_II,SGL_RS05230
1175,Electron_transfer_via_Photosystem_II,SGL_RS05555
1176,Electron_transfer_via_Photosystem_II,SGL_RS05595
1177,Electron_transfer_via_Photosystem_II,SGL_RS05635
1178,Electron_transfer_via_Photosystem_II,SGL_RS05675
1179,Electron_transfer_via_Photosystem_II,SGL_RS05875
1180,Electron_transfer_via_Photosystem_II,SGL_RS06025
1181,Electron_transfer_via_Photosystem_II,SGL_RS19560
1182,Electron_transfer_via_Photosystem_II,SGL_RS06240
1183,Electron_transfer_via_Photosystem_II,SGL_RS06350
1184,Electron_transfer_via_Photosystem_II,SGL_RS06355
1185,Electron_transfer_via_Photosystem_II,SGL_RS19655
1186,Electron_transfer_via_Photosystem_II,SGL_RS06440
1187,Electron_transfer_via_Photosystem_II,SGL_RS06750
1188,Electron_transfer_via_Photosystem_II,SGL_RS06845
1189,Electron_transfer_via_Photosystem_II,SGL_RS06965
1190,Electron_transfer_via_Photosystem_II,SGL_RS07030
1191,Electron_transfer_via_Photosystem_II,SGL_RS07090
1192,Electron_transfer_via_Photosystem_II,SGL_RS07135
1193,Electron_transfer_via_Photosystem_II,SGL_RS07205
1194,Electron_transfer_via_Photosystem_II,SGL_RS07265
1195,Electron_transfer_via_Photosystem_II,SGL_RS07270
1196,Electron_transfer_via_Photosystem_II,SGL_RS07290
1197,Electron_transfer_via_Photosystem_II,SGL_RS07295
1198,Electron_transfer_via_Photosystem_II,SGL_RS07320
1199,Electron_transfer_via_Photosystem_II,SGL_RS07370
1200,Electron_transfer_via_Photosystem_II,SGL_RS07530
1201,Electron_transfer_via_Photosystem_II,SGL_RS07680
1202,Electron_transfer_via_Photosystem_II,SGL_RS07685
1203,Electron_transfer_via_Photosystem_II,SGL_RS07700
1204,Electron_transfer_via_Photosystem_II,SGL_RS07795
1205,Electron_transfer_via_Photosystem_II,SGL_RS07920
1206,Electron_transfer_via_Photosystem_II,SGL_RS07985
1207,Electron_transfer_via_Photosystem_II,SGL_RS19835
1208,Electron_transfer_via_Photosystem_II,SGL_RS08330
1209,Electron_transfer_via_Photosystem_II,SGL_RS08335
1210,Electron_transfer_via_Photosystem_II,SGL_RS08560
1211,Electron_transfer_via_Photosystem_II,SGL_RS08590
1212,Electron_transfer_via_Photosystem_II,SGL_RS18815
1213,Electron_transfer_via_Photosystem_II,SGL_RS08925
1214,Electron_transfer_via_Photosystem_II,SGL_RS08930
1215,Electron_transfer_via_Photosystem_II,SGL_RS09000
1216,Electron_transfer_via_Photosystem_II,SGL_RS09015
1217,Electron_transfer_via_Photosystem_II,SGL_RS09065
1218,Electron_transfer_via_Photosystem_II,SGL_RS19860
1219,Electron_transfer_via_Photosystem_II,SGL_RS09240
1220,Electron_transfer_via_Photosystem_II,SGL_RS19595
1221,Electron_transfer_via_Photosystem_II,SGL_RS09365
1222,Electron_transfer_via_Photosystem_II,SGL_RS09400
1223,Electron_transfer_via_Photosystem_II,SGL_RS09480
1224,Electron_transfer_via_Photosystem_II,SGL_RS09485
1225,Electron_transfer_via_Photosystem_II,SGL_RS09490
1226,Electron_transfer_via_Photosystem_II,SGL_RS09595
1227,Electron_transfer_via_Photosystem_II,SGL_RS09610
1228,Electron_transfer_via_Photosystem_II,SGL_RS09615
1229,Electron_transfer_via_Photosystem_II,SGL_RS09760
1230,Electron_transfer_via_Photosystem_II,SGL_RS09770
1231,Electron_transfer_via_Photosystem_II,SGL_RS09810
1232,Electron_transfer_via_Photosystem_II,SGL_RS09870
1233,Electron_transfer_via_Photosystem_II,SGL_RS09885
1234,Electron_transfer_via_Photosystem_II,SGL_RS10190
1235,Electron_transfer_via_Photosystem_II,SGL_RS10215
1236,Electron_transfer_via_Photosystem_II,SGL_RS10420
1237,Electron_transfer_via_Photosystem_II,SGL_RS10440
1238,Electron_transfer_via_Photosystem_II,SGL_RS18890
1239,Electron_transfer_via_Photosystem_II,SGL_RS10530
1240,Electron_transfer_via_Photosystem_II,SGL_RS10715
1241,Electron_transfer_via_Photosystem_II,SGL_RS10770
1242,Electron_transfer_via_Photosystem_II,SGL_RS10845
1243,Electron_transfer_via_Photosystem_II,SGL_RS10895
1244,Electron_transfer_via_Photosystem_II,SGL_RS10945
1245,Electron_transfer_via_Photosystem_II,SGL_RS10960
1246,Electron_transfer_via_Photosystem_II,SGL_RS11100
1247,Electron_transfer_via_Photosystem_II,SGL_RS11180
1248,Electron_transfer_via_Photosystem_II,SGL_RS11320
1249,Electron_transfer_via_Photosystem_II,SGL_RS11460
1250,Electron_transfer_via_Photosystem_II,SGL_RS11725
1251,Electron_transfer_via_Photosystem_II,SGL_RS11880
1252,Electron_transfer_via_Photosystem_II,SGL_RS11895
1253,Electron_transfer_via_Photosystem_II,SGL_RS11940
1254,Electron_transfer_via_Photosystem_II,SGL_RS11970
1255,Electron_transfer_via_Photosystem_II,SGL_RS11975
1256,Electron_transfer_via_Photosystem_II,SGL_RS12065
1257,Electron_transfer_via_Photosystem_II,SGL_RS19235
1258,Electron_transfer_via_Photosystem_II,SGL_RS12070
1259,Electron_transfer_via_Photosystem_II,SGL_RS12095
1260,Electron_transfer_via_Photosystem_II,SGL_RS12135
1261,Electron_transfer_via_Photosystem_II,SGL_RS19920
1262,Electron_transfer_via_Photosystem_II,SGL_RS12180
1263,Electron_transfer_via_Photosystem_II,SGL_RS12185
1264,Electron_transfer_via_Photosystem_II,SGL_RS12245
1265,Electron_transfer_via_Photosystem_II,SGL_RS12355
1266,Electron_transfer_via_Photosystem_II,SGL_RS12365
1267,Electron_transfer_via_Photosystem_II,SGL_RS12470
1268,Electron_transfer_via_Photosystem_II,SGL_RS12880
1269,Electron_transfer_via_Photosystem_II,SGL_RS12925
1270,Electron_transfer_via_Photosystem_II,SGL_RS12955
1271,Electron_transfer_via_Photosystem_II,SGL_RS12995
1272,Electron_transfer_via_Photosystem_II,SGL_RS13045
1273,Electron_transfer_via_Photosystem_II,SGL_RS13145
1274,Electron_transfer_via_Photosystem_II,SGL_RS13205
1275,Electron_transfer_via_Photosystem_II,SGL_RS13450
1276,Electron_transfer_via_Photosystem_II,SGL_RS13455
1277,Electron_transfer_via_Photosystem_II,SGL_RS13775
1278,Electron_transfer_via_Photosystem_II,SGL_RS14020
1279,Electron_transfer_via_Photosystem_II,SGL_RS14115
1280,Electron_transfer_via_Photosystem_II,SGL_RS19475
1281,Electron_transfer_via_Photosystem_II,SGL_RS14310
1282,Electron_transfer_via_Photosystem_II,SGL_RS19635
1283,Electron_transfer_via_Photosystem_II,SGL_RS14520
1284,Electron_transfer_via_Photosystem_II,SGL_RS14535
1285,Electron_transfer_via_Photosystem_II,SGL_RS14585
1286,Electron_transfer_via_Photosystem_II,SGL_RS14760
1287,Electron_transfer_via_Photosystem_II,SGL_RS14885
1288,Electron_transfer_via_Photosystem_II,SGL_RS14970
1289,Electron_transfer_via_Photosystem_II,SGL_RS15005
1290,Electron_transfer_via_Photosystem_II,SGL_RS15235
1291,Electron_transfer_via_Photosystem_II,SGL_RS15330
1292,Electron_transfer_via_Photosystem_II,SGL_RS15380
1293,Electron_transfer_via_Photosystem_II,SGL_RS20170
1294,Electron_transfer_via_Photosystem_II,SGL_RS15450
1295,Electron_transfer_via_Photosystem_II,SGL_RS15525
1296,Electron_transfer_via_Photosystem_II,SGL_RS15610
1297,Electron_transfer_via_Photosystem_II,SGL_RS15675
1298,Electron_transfer_via_Photosystem_II,SGL_RS20010
1299,Electron_transfer_via_Photosystem_II,SGL_RS19490
1300,Electron_transfer_via_Photosystem_II,SGL_RS16090
1301,Electron_transfer_via_Photosystem_II,SGL_RS16140
1302,Electron_transfer_via_Photosystem_II,SGL_RS18430
1303,Electron_transfer_via_Photosystem_II,SGL_RS19120
1304,Electron_transfer_via_Photosystem_II,SGL_RS16760
1305,Electron_transfer_via_Photosystem_II,SGL_RS16805
1306,Electron_transfer_via_Photosystem_II,SGL_RS16845
1307,Electron_transfer_via_Photosystem_II,SGL_RS17060
1308,Electron_transfer_via_Photosystem_II,SGL_RS17145
1309,Electron_transfer_via_Photosystem_II,SGL_RS17235
1310,Electron_transfer_via_Photosystem_II,SGL_RS17295
1311,Electron_transfer_via_Photosystem_II,SGL_RS17465
1312,Electron_transfer_via_Photosystem_II,SGL_RS17600
1313,Electron_transfer_via_Photosystem_II,SGL_RS17695
1314,Electron_transfer_via_Photosystem_II,SGL_RS17715
1315,Electron_transfer_via_Photosystem_II,SGL_RS17890
1316,Electron_transfer_via_Photosystem_II,SGL_RS17920
1317,Electron_transfer_via_Photosystem_II,SGL_RS17995
1318,Electron_transfer_via_Photosystem_II,SGL_RS18315
1319,Electron_transfer_via_Photosystem_II,SGL_RS18350
1320,Electron_transfer_via_Photosystem_II,SGL_RS01420
1321,Electron_transfer_via_Photosystem_II,SGL_RS01480
1322,Electron_transfer_via_Photosystem_II,SGL_RS20095
1323,Electron_transfer_via_Photosystem_II,SGL_RS01485
1324,Electron_transfer_via_Photosystem_II,SGL_RS01690
1325,Electron_transfer_via_Photosystem_II,SGL_RS01740
1326,Electron_transfer_via_Photosystem_II,SGL_RS01745
1327,Electron_transfer_via_Photosystem_II,SGL_RS01765
1328,Electron_transfer_via_Photosystem_II,SGL_RS19325
1329,Electron_transfer_via_Photosystem_II,SGL_RS19535
1330,Electron_transfer_via_Photosystem_II,SGL_RS00025
1331,Electron_transfer_via_Photosystem_II,SGL_RS00065
1332,Electron_transfer_via_Photosystem_II,SGL_RS00150
1333,Electron_transfer_via_Photosystem_II,SGL_RS00155
1334,Electron_transfer_via_Photosystem_II,SGL_RS00300
1335,Electron_transfer_via_Photosystem_II,SGL_RS18490
1336,Electron_transfer_via_Photosystem_II,SGL_RS19365
1337,Electron_transfer_via_Photosystem_II,SGL_RS00345
1338,Electron_transfer_via_Photosystem_II,SGL_RS00450
1339,Electron_transfer_via_Photosystem_II,SGL_RS00470
1340,Electron_transfer_via_Photosystem_II,SGL_RS00480
1341,Electron_transfer_via_Photosystem_II,SGL_RS00490
1342,Electron_transfer_via_Photosystem_II,SGL_RS00535
1343,Electron_transfer_via_Photosystem_II,SGL_RS00540
1344,Electron_transfer_via_Photosystem_II,SGL_RS00580
1345,Electron_transfer_via_Photosystem_II,SGL_RS01230
1346,Electron_transfer_via_Photosystem_II,SGL_RS01245
1347,Electron_transfer_via_Photosystem_II,SGL_RS01290
1348,Electron_transfer_via_Photosystem_II,SGL_RS19695
1349,Electron_transfer_via_Photosystem_II,SGL_RS19395
1350,Electron_transfer_via_Photosystem_II,SGL_RS00655
1351,Electron_transfer_via_Photosystem_II,SGL_RS00685
1352,Electron_transfer_via_Photosystem_II,SGL_RS00820
1353,Electron_transfer_via_Photosystem_II,SGL_RS00880
1354,Electron_transfer_via_Photosystem_II,SGL_RS00890
1355,Electron_transfer_via_Photosystem_II,SGL_RS19390
1356,Darkness_response_via_hydrogenase,SGL_RS01965
1357,Darkness_response_via_hydrogenase,SGL_RS02000
1358,Darkness_response_via_hydrogenase,SGL_RS02125
1359,Darkness_response_via_hydrogenase,SGL_RS02130
1360,Darkness_response_via_hydrogenase,SGL_RS02280
1361,Darkness_response_via_hydrogenase,SGL_RS18640
1362,Darkness_response_via_hydrogenase,SGL_RS02540
1363,Darkness_response_via_hydrogenase,SGL_RS18650
1364,Darkness_response_via_hydrogenase,SGL_RS03185
1365,Darkness_response_via_hydrogenase,SGL_RS03225
1366,Darkness_response_via_hydrogenase,SGL_RS03255
1367,Darkness_response_via_hydrogenase,SGL_RS20110
1368,Darkness_response_via_hydrogenase,SGL_RS03780
1369,Darkness_response_via_hydrogenase,SGL_RS04160
1370,Darkness_response_via_hydrogenase,SGL_RS04265
1371,Darkness_response_via_hydrogenase,SGL_RS04500
1372,Darkness_response_via_hydrogenase,SGL_RS04565
1373,Darkness_response_via_hydrogenase,SGL_RS04675
1374,Darkness_response_via_hydrogenase,SGL_RS05265
1375,Darkness_response_via_hydrogenase,SGL_RS05350
1376,Darkness_response_via_hydrogenase,SGL_RS05875
1377,Darkness_response_via_hydrogenase,SGL_RS06165
1378,Darkness_response_via_hydrogenase,SGL_RS06270
1379,Darkness_response_via_hydrogenase,SGL_RS06305
1380,Darkness_response_via_hydrogenase,SGL_RS06310
1381,Darkness_response_via_hydrogenase,SGL_RS19565
1382,Darkness_response_via_hydrogenase,SGL_RS06820
1383,Darkness_response_via_hydrogenase,SGL_RS06825
1384,Darkness_response_via_hydrogenase,SGL_RS06830
1385,Darkness_response_via_hydrogenase,SGL_RS06835
1386,Darkness_response_via_hydrogenase,SGL_RS06840
1387,Darkness_response_via_hydrogenase,SGL_RS06855
1388,Darkness_response_via_hydrogenase,SGL_RS06860
1389,Darkness_response_via_hydrogenase,SGL_RS06885
1390,Darkness_response_via_hydrogenase,SGL_RS06890
1391,Darkness_response_via_hydrogenase,SGL_RS06895
1392,Darkness_response_via_hydrogenase,SGL_RS07260
1393,Darkness_response_via_hydrogenase,SGL_RS07265
1394,Darkness_response_via_hydrogenase,SGL_RS07390
1395,Darkness_response_via_hydrogenase,SGL_RS07395
1396,Darkness_response_via_hydrogenase,SGL_RS07930
1397,Darkness_response_via_hydrogenase,SGL_RS08295
1398,Darkness_response_via_hydrogenase,SGL_RS08355
1399,Darkness_response_via_hydrogenase,SGL_RS08480
1400,Darkness_response_via_hydrogenase,SGL_RS08490
1401,Darkness_response_via_hydrogenase,SGL_RS08955
1402,Darkness_response_via_hydrogenase,SGL_RS09420
1403,Darkness_response_via_hydrogenase,SGL_RS09660
1404,Darkness_response_via_hydrogenase,SGL_RS09665
1405,Darkness_response_via_hydrogenase,SGL_RS09740
1406,Darkness_response_via_hydrogenase,SGL_RS09745
1407,Darkness_response_via_hydrogenase,SGL_RS09750
1408,Darkness_response_via_hydrogenase,SGL_RS09755
1409,Darkness_response_via_hydrogenase,SGL_RS09760
1410,Darkness_response_via_hydrogenase,SGL_RS19200
1411,Darkness_response_via_hydrogenase,SGL_RS10875
1412,Darkness_response_via_hydrogenase,SGL_RS10895
1413,Darkness_response_via_hydrogenase,SGL_RS11540
1414,Darkness_response_via_hydrogenase,SGL_RS11545
1415,Darkness_response_via_hydrogenase,SGL_RS11550
1416,Darkness_response_via_hydrogenase,SGL_RS11955
1417,Darkness_response_via_hydrogenase,SGL_RS12105
1418,Darkness_response_via_hydrogenase,SGL_RS12110
1419,Darkness_response_via_hydrogenase,SGL_RS19915
1420,Darkness_response_via_hydrogenase,SGL_RS12120
1421,Darkness_response_via_hydrogenase,SGL_RS12125
1422,Darkness_response_via_hydrogenase,SGL_RS12130
1423,Darkness_response_via_hydrogenase,SGL_RS12135
1424,Darkness_response_via_hydrogenase,SGL_RS12140
1425,Darkness_response_via_hydrogenase,SGL_RS12210
1426,Darkness_response_via_hydrogenase,SGL_RS20075
1427,Darkness_response_via_hydrogenase,SGL_RS12275
1428,Darkness_response_via_hydrogenase,SGL_RS12505
1429,Darkness_response_via_hydrogenase,SGL_RS12925
1430,Darkness_response_via_hydrogenase,SGL_RS13030
1431,Darkness_response_via_hydrogenase,SGL_RS13045
1432,Darkness_response_via_hydrogenase,SGL_RS20160
1433,Darkness_response_via_hydrogenase,SGL_RS13350
1434,Darkness_response_via_hydrogenase,SGL_RS13355
1435,Darkness_response_via_hydrogenase,SGL_RS13645
1436,Darkness_response_via_hydrogenase,SGL_RS13990
1437,Darkness_response_via_hydrogenase,SGL_RS14030
1438,Darkness_response_via_hydrogenase,SGL_RS14035
1439,Darkness_response_via_hydrogenase,SGL_RS14275
1440,Darkness_response_via_hydrogenase,SGL_RS14780
1441,Darkness_response_via_hydrogenase,SGL_RS14790
1442,Darkness_response_via_hydrogenase,SGL_RS15000
1443,Darkness_response_via_hydrogenase,SGL_RS15005
1444,Darkness_response_via_hydrogenase,SGL_RS15135
1445,Darkness_response_via_hydrogenase,SGL_RS15140
1446,Darkness_response_via_hydrogenase,SGL_RS20170
1447,Darkness_response_via_hydrogenase,SGL_RS15605
1448,Darkness_response_via_hydrogenase,SGL_RS15890
1449,Darkness_response_via_hydrogenase,SGL_RS15930
1450,Darkness_response_via_hydrogenase,SGL_RS19350
1451,Darkness_response_via_hydrogenase,SGL_RS16065
1452,Darkness_response_via_hydrogenase,SGL_RS16070
1453,Darkness_response_via_hydrogenase,SGL_RS16235
1454,Darkness_response_via_hydrogenase,SGL_RS16405
1455,Darkness_response_via_hydrogenase,SGL_RS16410
1456,Darkness_response_via_hydrogenase,SGL_RS16415
1457,Darkness_response_via_hydrogenase,SGL_RS16420
1458,Darkness_response_via_hydrogenase,SGL_RS16480
1459,Darkness_response_via_hydrogenase,SGL_RS16485
1460,Darkness_response_via_hydrogenase,SGL_RS20185
1461,Darkness_response_via_hydrogenase,SGL_RS17655
1462,Darkness_response_via_hydrogenase,SGL_RS19135
1463,Darkness_response_via_hydrogenase,SGL_RS17660
1464,Darkness_response_via_hydrogenase,SGL_RS18255
1465,Darkness_response_via_hydrogenase,SGL_RS18260
1466,Darkness_response_via_hydrogenase,SGL_RS18370
1467,Darkness_response_via_hydrogenase,SGL_RS01425
1468,Darkness_response_via_hydrogenase,SGL_RS01435
1469,Darkness_response_via_hydrogenase,SGL_RS01695
1470,Darkness_response_via_hydrogenase,SGL_RS00340
1471,Darkness_response_via_hydrogenase,SGL_RS00610
1472,Darkness_response_via_hydrogenase,SGL_RS01145
1473,Darkness_response_via_hydrogenase,SGL_RS01240
1474,Darkness_response_via_hydrogenase,SGL_RS01295
1475,Darkness_response_via_hydrogenase,SGL_RS00670
1476,Darkness_response_via_hydrogenase,SGL_RS00710
1477,Darkness_response_via_hydrogenase,SGL_RS00770
1478,Darkness_response_via_hydrogenase,SGL_RS01020
1479,Photosynthesis_via_Photosystems,SGL_RS01910
1480,Photosynthesis_via_Photosystems,SGL_RS02350
1481,Photosynthesis_via_Photosystems,SGL_RS02435
1482,Photosynthesis_via_Photosystems,SGL_RS02500
1483,Photosynthesis_via_Photosystems,SGL_RS02695
1484,Photosynthesis_via_Photosystems,SGL_RS03415
1485,Photosynthesis_via_Photosystems,SGL_RS04340
1486,Photosynthesis_via_Photosystems,SGL_RS04545
1487,Photosynthesis_via_Photosystems,SGL_RS04660
1488,Photosynthesis_via_Photosystems,SGL_RS04935
1489,Photosynthesis_via_Photosystems,SGL_RS05230
1490,Photosynthesis_via_Photosystems,SGL_RS05235
1491,Photosynthesis_via_Photosystems,SGL_RS05240
1492,Photosynthesis_via_Photosystems,SGL_RS05245
1493,Photosynthesis_via_Photosystems,SGL_RS05250
1494,Photosynthesis_via_Photosystems,SGL_RS06145
1495,Photosynthesis_via_Photosystems,SGL_RS06195
1496,Photosynthesis_via_Photosystems,SGL_RS06305
1497,Photosynthesis_via_Photosystems,SGL_RS06310
1498,Photosynthesis_via_Photosystems,SGL_RS06365
1499,Photosynthesis_via_Photosystems,SGL_RS06475
1500,Photosynthesis_via_Photosystems,SGL_RS07960
1501,Photosynthesis_via_Photosystems,SGL_RS08200
1502,Photosynthesis_via_Photosystems,SGL_RS08205
1503,Photosynthesis_via_Photosystems,SGL_RS19845
1504,Photosynthesis_via_Photosystems,SGL_RS08525
1505,Photosynthesis_via_Photosystems,SGL_RS08565
1506,Photosynthesis_via_Photosystems,SGL_RS08580
1507,Photosynthesis_via_Photosystems,SGL_RS08585
1508,Photosynthesis_via_Photosystems,SGL_RS08590
1509,Photosynthesis_via_Photosystems,SGL_RS09050
1510,Photosynthesis_via_Photosystems,SGL_RS09455
1511,Photosynthesis_via_Photosystems,SGL_RS09460
1512,Photosynthesis_via_Photosystems,SGL_RS09805
1513,Photosynthesis_via_Photosystems,SGL_RS09810
1514,Photosynthesis_via_Photosystems,SGL_RS10395
1515,Photosynthesis_via_Photosystems,SGL_RS10440
1516,Photosynthesis_via_Photosystems,SGL_RS10960
1517,Photosynthesis_via_Photosystems,SGL_RS18925
1518,Photosynthesis_via_Photosystems,SGL_RS18935
1519,Photosynthesis_via_Photosystems,SGL_RS11735
1520,Photosynthesis_via_Photosystems,SGL_RS11935
1521,Photosynthesis_via_Photosystems,SGL_RS12075
1522,Photosynthesis_via_Photosystems,SGL_RS19240
1523,Photosynthesis_via_Photosystems,SGL_RS12620
1524,Photosynthesis_via_Photosystems,SGL_RS12650
1525,Photosynthesis_via_Photosystems,SGL_RS13125
1526,Photosynthesis_via_Photosystems,SGL_RS13200
1527,Photosynthesis_via_Photosystems,SGL_RS13205
1528,Photosynthesis_via_Photosystems,SGL_RS13385
1529,Photosynthesis_via_Photosystems,SGL_RS13415
1530,Photosynthesis_via_Photosystems,SGL_RS13420
1531,Photosynthesis_via_Photosystems,SGL_RS13425
1532,Photosynthesis_via_Photosystems,SGL_RS13450
1533,Photosynthesis_via_Photosystems,SGL_RS13610
1534,Photosynthesis_via_Photosystems,SGL_RS14825
1535,Photosynthesis_via_Photosystems,SGL_RS15040
1536,Photosynthesis_via_Photosystems,SGL_RS19485
1537,Photosynthesis_via_Photosystems,SGL_RS15695
1538,Photosynthesis_via_Photosystems,SGL_RS19355
1539,Photosynthesis_via_Photosystems,SGL_RS16825
1540,Photosynthesis_via_Photosystems,SGL_RS17245
1541,Photosynthesis_via_Photosystems,SGL_RS17730
1542,Photosynthesis_via_Photosystems,SGL_RS17825
1543,Photosynthesis_via_Photosystems,SGL_RS19735
1544,Photosynthesis_via_Photosystems,SGL_RS19535
1545,Photosynthesis_via_Photosystems,SGL_RS00070
1546,Unknown_3,SGL_RS00190
1547,Unknown_3,SGL_RS00195
1548,Unknown_3,SGL_RS00200
1549,Unknown_3,SGL_RS00205
1550,Unknown_3,SGL_RS00240
1551,Unknown_3,SGL_RS00245
1552,Unknown_3,SGL_RS00250
1553,Unknown_3,SGL_RS00255
1554,Unknown_3,SGL_RS19680
1555,Unknown_3,SGL_RS00260
1556,Heat_response,SGL_RS02085
1557,Heat_response,SGL_RS02090
1558,Heat_response,SGL_RS02250
1559,Heat_response,SGL_RS02410
1560,Heat_response,SGL_RS02415
1561,Heat_response,SGL_RS02655
1562,Heat_response,SGL_RS02700
1563,Heat_response,SGL_RS19750
1564,Heat_response,SGL_RS02775
1565,Heat_response,SGL_RS02870
1566,Heat_response,SGL_RS02875
1567,Heat_response,SGL_RS02880
1568,Heat_response,SGL_RS02890
1569,Heat_response,SGL_RS03155
1570,Heat_response,SGL_RS03250
1571,Heat_response,SGL_RS19555
1572,Heat_response,SGL_RS03270
1573,Heat_response,SGL_RS03295
1574,Heat_response,SGL_RS03545
1575,Heat_response,SGL_RS03550
1576,Heat_response,SGL_RS03555
1577,Heat_response,SGL_RS03560
1578,Heat_response,SGL_RS03595
1579,Heat_response,SGL_RS03600
1580,Heat_response,SGL_RS03605
1581,Heat_response,SGL_RS03620
1582,Heat_response,SGL_RS03625
1583,Heat_response,SGL_RS03630
1584,Heat_response,SGL_RS03635
1585,Heat_response,SGL_RS03640
1586,Heat_response,SGL_RS03645
1587,Heat_response,SGL_RS03650
1588,Heat_response,SGL_RS03655
1589,Heat_response,SGL_RS03660
1590,Heat_response,SGL_RS03665
1591,Heat_response,SGL_RS03670
1592,Heat_response,SGL_RS03675
1593,Heat_response,SGL_RS18670
1594,Heat_response,SGL_RS03685
1595,Heat_response,SGL_RS03690
1596,Heat_response,SGL_RS03705
1597,Heat_response,SGL_RS03745
1598,Heat_response,SGL_RS03750
1599,Heat_response,SGL_RS03840
1600,Heat_response,SGL_RS04035
1601,Heat_response,SGL_RS04040
1602,Heat_response,SGL_RS04265
1603,Heat_response,SGL_RS04325
1604,Heat_response,SGL_RS04355
1605,Heat_response,SGL_RS04375
1606,Heat_response,SGL_RS04415
1607,Heat_response,SGL_RS04420
1608,Heat_response,SGL_RS04425
1609,Heat_response,SGL_RS04430
1610,Heat_response,SGL_RS04630
1611,Heat_response,SGL_RS04695
1612,Heat_response,SGL_RS04815
1613,Heat_response,SGL_RS04820
1614,Heat_response,SGL_RS04840
1615,Heat_response,SGL_RS05120
1616,Heat_response,SGL_RS05125
1617,Heat_response,SGL_RS05350
1618,Heat_response,SGL_RS05670
1619,Heat_response,SGL_RS05875
1620,Heat_response,SGL_RS06025
1621,Heat_response,SGL_RS06030
1622,Heat_response,SGL_RS06035
1623,Heat_response,SGL_RS06175
1624,Heat_response,SGL_RS06255
1625,Heat_response,SGL_RS06575
1626,Heat_response,SGL_RS06590
1627,Heat_response,SGL_RS06705
1628,Heat_response,SGL_RS06720
1629,Heat_response,SGL_RS19820
1630,Heat_response,SGL_RS07370
1631,Heat_response,SGL_RS07480
1632,Heat_response,SGL_RS07490
1633,Heat_response,SGL_RS07745
1634,Heat_response,SGL_RS07905
1635,Heat_response,SGL_RS07910
1636,Heat_response,SGL_RS07915
1637,Heat_response,SGL_RS07920
1638,Heat_response,SGL_RS08095
1639,Heat_response,SGL_RS08350
1640,Heat_response,SGL_RS08355
1641,Heat_response,SGL_RS08485
1642,Heat_response,SGL_RS08555
1643,Heat_response,SGL_RS08805
1644,Heat_response,SGL_RS08810
1645,Heat_response,SGL_RS08815
1646,Heat_response,SGL_RS08820
1647,Heat_response,SGL_RS09345
1648,Heat_response,SGL_RS09350
1649,Heat_response,SGL_RS09410
1650,Heat_response,SGL_RS18845
1651,Heat_response,SGL_RS09520
1652,Heat_response,SGL_RS09770
1653,Heat_response,SGL_RS09845
1654,Heat_response,SGL_RS09935
1655,Heat_response,SGL_RS09985
1656,Heat_response,SGL_RS10250
1657,Heat_response,SGL_RS10255
1658,Heat_response,SGL_RS10570
1659,Heat_response,SGL_RS10995
1660,Heat_response,SGL_RS11025
1661,Heat_response,SGL_RS11155
1662,Heat_response,SGL_RS11395
1663,Heat_response,SGL_RS11485
1664,Heat_response,SGL_RS11550
1665,Heat_response,SGL_RS11590
1666,Heat_response,SGL_RS11615
1667,Heat_response,SGL_RS11670
1668,Heat_response,SGL_RS11985
1669,Heat_response,SGL_RS11995
1670,Heat_response,SGL_RS12040
1671,Heat_response,SGL_RS12350
1672,Heat_response,SGL_RS12540
1673,Heat_response,SGL_RS12560
1674,Heat_response,SGL_RS12565
1675,Heat_response,SGL_RS12665
1676,Heat_response,SGL_RS18985
1677,Heat_response,SGL_RS12850
1678,Heat_response,SGL_RS12920
1679,Heat_response,SGL_RS12925
1680,Heat_response,SGL_RS12930
1681,Heat_response,SGL_RS12965
1682,Heat_response,SGL_RS13025
1683,Heat_response,SGL_RS13375
1684,Heat_response,SGL_RS13405
1685,Heat_response,SGL_RS13410
1686,Heat_response,SGL_RS13425
1687,Heat_response,SGL_RS13575
1688,Heat_response,SGL_RS13640
1689,Heat_response,SGL_RS13645
1690,Heat_response,SGL_RS19255
1691,Heat_response,SGL_RS14110
1692,Heat_response,SGL_RS14230
1693,Heat_response,SGL_RS14245
1694,Heat_response,SGL_RS14515
1695,Heat_response,SGL_RS14555
1696,Heat_response,SGL_RS14800
1697,Heat_response,SGL_RS14805
1698,Heat_response,SGL_RS14810
1699,Heat_response,SGL_RS14930
1700,Heat_response,SGL_RS15185
1701,Heat_response,SGL_RS15200
1702,Heat_response,SGL_RS15525
1703,Heat_response,SGL_RS15535
1704,Heat_response,SGL_RS15635
1705,Heat_response,SGL_RS15740
1706,Heat_response,SGL_RS19350
1707,Heat_response,SGL_RS16030
1708,Heat_response,SGL_RS16035
1709,Heat_response,SGL_RS16155
1710,Heat_response,SGL_RS16165
1711,Heat_response,SGL_RS19095
1712,Heat_response,SGL_RS16250
1713,Heat_response,SGL_RS16395
1714,Heat_response,SGL_RS16400
1715,Heat_response,SGL_RS16460
1716,Heat_response,SGL_RS16515
1717,Heat_response,SGL_RS16670
1718,Heat_response,SGL_RS16750
1719,Heat_response,SGL_RS16955
1720,Heat_response,SGL_RS16965
1721,Heat_response,SGL_RS17070
1722,Heat_response,SGL_RS17170
1723,Heat_response,SGL_RS17245
1724,Heat_response,SGL_RS17500
1725,Heat_response,SGL_RS17590
1726,Heat_response,SGL_RS17595
1727,Heat_response,SGL_RS17600
1728,Heat_response,SGL_RS17655
1729,Heat_response,SGL_RS17685
1730,Heat_response,SGL_RS20200
1731,Heat_response,SGL_RS17855
1732,Heat_response,SGL_RS18005
1733,Heat_response,SGL_RS18010
1734,Heat_response,SGL_RS18085
1735,Heat_response,SGL_RS18195
1736,Heat_response,SGL_RS18330
1737,Heat_response,SGL_RS01375
1738,Heat_response,SGL_RS01465
1739,Heat_response,SGL_RS01475
1740,Heat_response,SGL_RS01640
1741,Heat_response,SGL_RS01680
1742,Heat_response,SGL_RS01735
1743,Heat_response,SGL_RS00035
1744,Heat_response,SGL_RS00045
1745,Heat_response,SGL_RS00070
1746,Heat_response,SGL_RS00120
1747,Heat_response,SGL_RS00195
1748,Heat_response,SGL_RS00200
1749,Heat_response,SGL_RS18485
1750,Heat_response,SGL_RS19370
1751,Heat_response,SGL_RS00425
1752,Heat_response,SGL_RS00480
1753,Heat_response,SGL_RS00520
1754,Heat_response,SGL_RS01270
1755,Heat_response,SGL_RS00670
1756,Heat_response,SGL_RS00845
1757,Heat_response,SGL_RS18545
1758,Heat_response,SGL_RS00910
1759,Heat_response,SGL_RS01030
1760,Heat_response,SGL_RS01100
1761,Heat_response,SGL_RS01105
1762,Heat_response,SGL_RS01110
